Serials,Filename
001,qrcode1.png
002,qrcode2.png
003,qrcode3.png
004,qrcode4.png
005,qrcode5.png
006,qrcode6.png
007,qrcode7.png
008,qrcode8.png
009,qrcode9.png
010,qrcode10.png
011,qrcode11.png
012,qrcode12.png
013,qrcode13.png
014,qrcode14.png
015,qrcode15.png
016,qrcode16.png
017,qrcode17.png
018,qrcode18.png
019,qrcode19.png
020,qrcode20.png
021,qrcode21.png
022,qrcode22.png
023,qrcode23.png
024,qrcode24.png
025,qrcode25.png
026,qrcode26.png
027,qrcode27.png
028,qrcode28.png
029,qrcode29.png
030,qrcode30.png
031,qrcode31.png
032,qrcode32.png
033,qrcode33.png
034,qrcode34.png
035,qrcode35.png
036,qrcode36.png
037,qrcode37.png
038,qrcode38.png
039,qrcode39.png
040,qrcode40.png
041,qrcode41.png
042,qrcode42.png
043,qrcode43.png
044,qrcode44.png
045,qrcode45.png
046,qrcode46.png
047,qrcode47.png
048,qrcode48.png
049,qrcode49.png
050,qrcode50.png
051,qrcode51.png
052,qrcode52.png
053,qrcode53.png
054,qrcode54.png
055,qrcode55.png
056,qrcode56.png
057,qrcode57.png
058,qrcode58.png
059,qrcode59.png
060,qrcode60.png
061,qrcode61.png
062,qrcode62.png
063,qrcode63.png
064,qrcode64.png
065,qrcode65.png
066,qrcode66.png
067,qrcode67.png
068,qrcode68.png
069,qrcode69.png
070,qrcode70.png
071,qrcode71.png
072,qrcode72.png
073,qrcode73.png
074,qrcode74.png
075,qrcode75.png
076,qrcode76.png
077,qrcode77.png
078,qrcode78.png
079,qrcode79.png
080,qrcode80.png
081,qrcode81.png
082,qrcode82.png
083,qrcode83.png
084,qrcode84.png
085,qrcode85.png
086,qrcode86.png
087,qrcode87.png
088,qrcode88.png
089,qrcode89.png
090,qrcode90.png
091,qrcode91.png
092,qrcode92.png
093,qrcode93.png
094,qrcode94.png
095,qrcode95.png
096,qrcode96.png
097,qrcode97.png
098,qrcode98.png
099,qrcode99.png
100,qrcode100.png
