Serials,Filename
501,qrcode501.png
502,qrcode502.png
503,qrcode503.png
504,qrcode504.png
505,qrcode505.png
506,qrcode506.png
507,qrcode507.png
508,qrcode508.png
509,qrcode509.png
510,qrcode510.png
511,qrcode511.png
512,qrcode512.png
513,qrcode513.png
514,qrcode514.png
515,qrcode515.png
516,qrcode516.png
517,qrcode517.png
518,qrcode518.png
519,qrcode519.png
520,qrcode520.png
521,qrcode521.png
522,qrcode522.png
523,qrcode523.png
524,qrcode524.png
525,qrcode525.png
526,qrcode526.png
527,qrcode527.png
528,qrcode528.png
529,qrcode529.png
530,qrcode530.png
531,qrcode531.png
532,qrcode532.png
533,qrcode533.png
534,qrcode534.png
535,qrcode535.png
536,qrcode536.png
537,qrcode537.png
538,qrcode538.png
539,qrcode539.png
540,qrcode540.png
541,qrcode541.png
542,qrcode542.png
543,qrcode543.png
544,qrcode544.png
545,qrcode545.png
546,qrcode546.png
547,qrcode547.png
548,qrcode548.png
549,qrcode549.png
550,qrcode550.png
551,qrcode551.png
552,qrcode552.png
553,qrcode553.png
554,qrcode554.png
555,qrcode555.png
556,qrcode556.png
557,qrcode557.png
558,qrcode558.png
559,qrcode559.png
560,qrcode560.png
561,qrcode561.png
562,qrcode562.png
563,qrcode563.png
564,qrcode564.png
565,qrcode565.png
566,qrcode566.png
567,qrcode567.png
568,qrcode568.png
569,qrcode569.png
570,qrcode570.png
571,qrcode571.png
572,qrcode572.png
573,qrcode573.png
574,qrcode574.png
575,qrcode575.png
576,qrcode576.png
577,qrcode577.png
578,qrcode578.png
579,qrcode579.png
580,qrcode580.png
581,qrcode581.png
582,qrcode582.png
583,qrcode583.png
584,qrcode584.png
585,qrcode585.png
586,qrcode586.png
587,qrcode587.png
588,qrcode588.png
589,qrcode589.png
590,qrcode590.png
591,qrcode591.png
592,qrcode592.png
593,qrcode593.png
594,qrcode594.png
595,qrcode595.png
596,qrcode596.png
597,qrcode597.png
598,qrcode598.png
599,qrcode599.png
600,qrcode600.png
601,qrcode601.png
602,qrcode602.png
603,qrcode603.png
604,qrcode604.png
605,qrcode605.png
606,qrcode606.png
607,qrcode607.png
608,qrcode608.png
609,qrcode609.png
610,qrcode610.png
611,qrcode611.png
612,qrcode612.png
613,qrcode613.png
614,qrcode614.png
615,qrcode615.png
616,qrcode616.png
617,qrcode617.png
618,qrcode618.png
619,qrcode619.png
620,qrcode620.png
621,qrcode621.png
622,qrcode622.png
623,qrcode623.png
624,qrcode624.png
625,qrcode625.png
626,qrcode626.png
627,qrcode627.png
628,qrcode628.png
629,qrcode629.png
630,qrcode630.png
631,qrcode631.png
632,qrcode632.png
633,qrcode633.png
634,qrcode634.png
635,qrcode635.png
636,qrcode636.png
637,qrcode637.png
638,qrcode638.png
639,qrcode639.png
640,qrcode640.png
641,qrcode641.png
642,qrcode642.png
643,qrcode643.png
644,qrcode644.png
645,qrcode645.png
646,qrcode646.png
647,qrcode647.png
648,qrcode648.png
649,qrcode649.png
650,qrcode650.png
651,qrcode651.png
652,qrcode652.png
653,qrcode653.png
654,qrcode654.png
655,qrcode655.png
656,qrcode656.png
657,qrcode657.png
658,qrcode658.png
659,qrcode659.png
660,qrcode660.png
661,qrcode661.png
662,qrcode662.png
663,qrcode663.png
664,qrcode664.png
665,qrcode665.png
666,qrcode666.png
667,qrcode667.png
668,qrcode668.png
669,qrcode669.png
670,qrcode670.png
671,qrcode671.png
672,qrcode672.png
673,qrcode673.png
674,qrcode674.png
675,qrcode675.png
676,qrcode676.png
677,qrcode677.png
678,qrcode678.png
679,qrcode679.png
680,qrcode680.png
681,qrcode681.png
682,qrcode682.png
683,qrcode683.png
684,qrcode684.png
685,qrcode685.png
686,qrcode686.png
687,qrcode687.png
688,qrcode688.png
689,qrcode689.png
690,qrcode690.png
691,qrcode691.png
692,qrcode692.png
693,qrcode693.png
694,qrcode694.png
695,qrcode695.png
696,qrcode696.png
697,qrcode697.png
698,qrcode698.png
699,qrcode699.png
700,qrcode700.png
701,qrcode701.png
702,qrcode702.png
703,qrcode703.png
704,qrcode704.png
705,qrcode705.png
706,qrcode706.png
707,qrcode707.png
708,qrcode708.png
709,qrcode709.png
710,qrcode710.png
711,qrcode711.png
712,qrcode712.png
713,qrcode713.png
714,qrcode714.png
715,qrcode715.png
716,qrcode716.png
717,qrcode717.png
718,qrcode718.png
719,qrcode719.png
720,qrcode720.png
721,qrcode721.png
722,qrcode722.png
723,qrcode723.png
724,qrcode724.png
725,qrcode725.png
726,qrcode726.png
727,qrcode727.png
728,qrcode728.png
729,qrcode729.png
730,qrcode730.png
731,qrcode731.png
732,qrcode732.png
733,qrcode733.png
734,qrcode734.png
735,qrcode735.png
736,qrcode736.png
737,qrcode737.png
738,qrcode738.png
739,qrcode739.png
740,qrcode740.png
741,qrcode741.png
742,qrcode742.png
743,qrcode743.png
744,qrcode744.png
745,qrcode745.png
746,qrcode746.png
747,qrcode747.png
748,qrcode748.png
749,qrcode749.png
750,qrcode750.png
751,qrcode751.png
752,qrcode752.png
753,qrcode753.png
754,qrcode754.png
755,qrcode755.png
756,qrcode756.png
757,qrcode757.png
758,qrcode758.png
759,qrcode759.png
760,qrcode760.png
761,qrcode761.png
762,qrcode762.png
763,qrcode763.png
764,qrcode764.png
765,qrcode765.png
766,qrcode766.png
767,qrcode767.png
768,qrcode768.png
769,qrcode769.png
770,qrcode770.png
771,qrcode771.png
772,qrcode772.png
773,qrcode773.png
774,qrcode774.png
775,qrcode775.png
776,qrcode776.png
777,qrcode777.png
778,qrcode778.png
779,qrcode779.png
780,qrcode780.png
781,qrcode781.png
782,qrcode782.png
783,qrcode783.png
784,qrcode784.png
785,qrcode785.png
786,qrcode786.png
787,qrcode787.png
788,qrcode788.png
789,qrcode789.png
790,qrcode790.png
791,qrcode791.png
792,qrcode792.png
793,qrcode793.png
794,qrcode794.png
795,qrcode795.png
796,qrcode796.png
797,qrcode797.png
798,qrcode798.png
799,qrcode799.png
800,qrcode800.png
801,qrcode801.png
802,qrcode802.png
803,qrcode803.png
804,qrcode804.png
805,qrcode805.png
806,qrcode806.png
807,qrcode807.png
808,qrcode808.png
809,qrcode809.png
810,qrcode810.png
811,qrcode811.png
812,qrcode812.png
813,qrcode813.png
814,qrcode814.png
815,qrcode815.png
816,qrcode816.png
817,qrcode817.png
818,qrcode818.png
819,qrcode819.png
820,qrcode820.png
821,qrcode821.png
822,qrcode822.png
823,qrcode823.png
824,qrcode824.png
825,qrcode825.png
826,qrcode826.png
827,qrcode827.png
828,qrcode828.png
829,qrcode829.png
830,qrcode830.png
831,qrcode831.png
832,qrcode832.png
833,qrcode833.png
834,qrcode834.png
835,qrcode835.png
836,qrcode836.png
837,qrcode837.png
838,qrcode838.png
839,qrcode839.png
840,qrcode840.png
841,qrcode841.png
842,qrcode842.png
843,qrcode843.png
844,qrcode844.png
845,qrcode845.png
846,qrcode846.png
847,qrcode847.png
848,qrcode848.png
849,qrcode849.png
850,qrcode850.png
851,qrcode851.png
852,qrcode852.png
853,qrcode853.png
854,qrcode854.png
855,qrcode855.png
856,qrcode856.png
857,qrcode857.png
858,qrcode858.png
859,qrcode859.png
860,qrcode860.png
861,qrcode861.png
862,qrcode862.png
863,qrcode863.png
864,qrcode864.png
865,qrcode865.png
866,qrcode866.png
867,qrcode867.png
868,qrcode868.png
869,qrcode869.png
870,qrcode870.png
871,qrcode871.png
872,qrcode872.png
873,qrcode873.png
874,qrcode874.png
875,qrcode875.png
876,qrcode876.png
877,qrcode877.png
878,qrcode878.png
879,qrcode879.png
880,qrcode880.png
881,qrcode881.png
882,qrcode882.png
883,qrcode883.png
884,qrcode884.png
885,qrcode885.png
886,qrcode886.png
887,qrcode887.png
888,qrcode888.png
889,qrcode889.png
890,qrcode890.png
891,qrcode891.png
892,qrcode892.png
893,qrcode893.png
894,qrcode894.png
895,qrcode895.png
896,qrcode896.png
897,qrcode897.png
898,qrcode898.png
899,qrcode899.png
900,qrcode900.png
901,qrcode901.png
902,qrcode902.png
903,qrcode903.png
904,qrcode904.png
905,qrcode905.png
906,qrcode906.png
907,qrcode907.png
908,qrcode908.png
909,qrcode909.png
910,qrcode910.png
911,qrcode911.png
912,qrcode912.png
913,qrcode913.png
914,qrcode914.png
915,qrcode915.png
916,qrcode916.png
917,qrcode917.png
918,qrcode918.png
919,qrcode919.png
920,qrcode920.png
921,qrcode921.png
922,qrcode922.png
923,qrcode923.png
924,qrcode924.png
925,qrcode925.png
926,qrcode926.png
927,qrcode927.png
928,qrcode928.png
929,qrcode929.png
930,qrcode930.png
931,qrcode931.png
932,qrcode932.png
933,qrcode933.png
934,qrcode934.png
935,qrcode935.png
936,qrcode936.png
937,qrcode937.png
938,qrcode938.png
939,qrcode939.png
940,qrcode940.png
941,qrcode941.png
942,qrcode942.png
943,qrcode943.png
944,qrcode944.png
945,qrcode945.png
946,qrcode946.png
947,qrcode947.png
948,qrcode948.png
949,qrcode949.png
950,qrcode950.png
951,qrcode951.png
952,qrcode952.png
953,qrcode953.png
954,qrcode954.png
955,qrcode955.png
956,qrcode956.png
957,qrcode957.png
958,qrcode958.png
959,qrcode959.png
960,qrcode960.png
961,qrcode961.png
962,qrcode962.png
963,qrcode963.png
964,qrcode964.png
965,qrcode965.png
966,qrcode966.png
967,qrcode967.png
968,qrcode968.png
969,qrcode969.png
970,qrcode970.png
971,qrcode971.png
972,qrcode972.png
973,qrcode973.png
974,qrcode974.png
975,qrcode975.png
976,qrcode976.png
977,qrcode977.png
978,qrcode978.png
979,qrcode979.png
980,qrcode980.png
981,qrcode981.png
982,qrcode982.png
983,qrcode983.png
984,qrcode984.png
985,qrcode985.png
986,qrcode986.png
987,qrcode987.png
988,qrcode988.png
989,qrcode989.png
990,qrcode990.png
991,qrcode991.png
992,qrcode992.png
993,qrcode993.png
994,qrcode994.png
995,qrcode995.png
996,qrcode996.png
997,qrcode997.png
998,qrcode998.png
999,qrcode999.png
1000,qrcode1000.png
